model_id,auc,logloss,aucpr,mean_per_class_error,rmse,mse,training_time_ms,predict_time_per_row_ms,algo
GLM_1_AutoML_1_20221211_155112,0.8223910164243744,0.4389195101595205,0.60634246014719,0.246424688266473,0.3787161034382309,0.1434258870034368,567,0.016599,GLM
DeepLearning_1_AutoML_1_20221211_155112,0.8021886087019452,0.46462525260066,0.543845180116709,0.2605456655503173,0.3885124700963219,0.1509419394203454,1609,0.010194,DeepLearning
