model_id,auc,logloss,aucpr,mean_per_class_error,rmse,mse,training_time_ms,predict_time_per_row_ms,algo
GLM_1_AutoML_1_20221211_161315,0.8223910164243744,0.4389195101595205,0.60634246014719,0.246424688266473,0.3787161034382309,0.1434258870034368,5854,0.825989,GLM
